userA,userB,satisfaction_score,cosine_similarity
0,1,0.9322469050434357,0.9151591062545776
0,2,1.034770379729349,0.9409618377685547
0,3,1.0043954432749642,0.9568742513656616
0,4,0.9221272550754613,0.9509724378585815
0,5,0.9064049214161026,0.9513256549835205
0,6,0.983657104357796,0.9590611457824707
0,7,0.8210192987783014,0.8870309591293335
0,8,1.047040043204522,0.9554671049118042
0,9,0.9844836046231005,0.9255115985870361
0,10,0.9009770713528946,0.9244358539581299
0,11,0.8500417231571199,0.9356984496116638
0,12,1.0118832864099918,0.9441896677017212
0,13,0.9444401272403904,0.9501671195030212
0,14,1.0208062876293127,0.9589154720306396
0,15,0.8794872247339267,0.959208607673645
0,16,0.9234603517499554,0.953429102897644
0,17,0.9185957154119345,0.9183335304260254
0,18,0.9535566078704576,0.9512075781822205
0,19,0.925775749596509,0.9482790231704712
0,20,0.9768564935045819,0.945713996887207
0,21,0.8760794444389208,0.9294604659080505
0,22,0.959735300021854,0.9668542742729187
0,23,0.9530727440031975,0.9470579624176025
0,24,0.9435038311415666,0.9177818894386292
0,25,0.9721241489604442,0.9365434050559998
0,26,0.8848353526072033,0.9410674571990967
0,27,0.8754723524716722,0.9521780610084534
0,28,1.0145514011954808,0.9506675601005554
0,29,0.9837973235810047,0.9671816229820251
0,30,0.9222100368234479,0.9596343636512756
0,31,1.0197621933882477,0.9422045946121216
0,32,0.9684758136428961,0.9626920819282532
0,33,0.9950776803053336,0.9361128211021423
0,34,0.946970022161631,0.9435940980911255
0,35,1.0594933422127273,0.9564559459686279
0,36,1.03106275936154,0.9432957172393799
0,37,0.9274403295061305,0.9398885369300842
0,38,1.0011695495351751,0.9525910019874573
0,39,0.9851593724113558,0.9528905749320984
0,40,1.0131636478457946,0.9447320699691772
0,41,0.8807058652591112,0.9289520382881165
0,42,0.9558478401050245,0.9215452671051025
0,43,1.0137578732835195,0.96083664894104
0,44,0.8873597018377493,0.975296676158905
0,45,0.9061522971068846,0.9653152227401733
0,46,0.840628687380458,0.9425902962684631
0,47,0.9328783850271923,0.9463487267494202
0,48,0.9799169940191987,0.9440398812294006
0,49,1.00647624961179,0.9313583970069885
0,50,0.9741200927960132,0.9704153537750244
0,51,1.0267610394627076,0.9453302621841431
0,52,0.8602473727870399,0.9292524456977844
0,53,0.8479679372439732,0.933137059211731
0,54,0.9357409008065118,0.9385182857513428
0,55,0.9822294980138294,0.963026225566864
0,56,0.9467319045935864,0.948366641998291
0,57,0.8368291178945821,0.9402012228965759
0,58,0.9475133831714553,0.9519693851470947
0,59,0.8863711757201492,0.9515946507453918
1,2,0.9613689214020732,0.9278852939605713
1,3,0.9525015889405846,0.9341716766357422
1,4,0.8778656536661151,0.9248596429824829
1,5,0.9119100681918506,0.9376034140586853
1,6,0.8806114970241438,0.9335721731185913
1,7,0.8697147346924632,0.8728486895561218
1,8,0.9841012031489328,0.9363440871238708
1,9,0.8466714656466322,0.8959577679634094
1,10,0.9489106454398937,0.9237083196640015
1,11,0.901760439279437,0.9282733201980591
1,12,0.8923815525549736,0.9320251941680908
1,13,0.9080418602600235,0.9133933782577515
1,14,0.8923330782187835,0.9440951943397522
1,15,0.9007019579885613,0.9283844232559204
1,16,0.8660614009333018,0.9259552955627441
1,17,0.9986724195944279,0.9004361629486084
1,18,0.8974362737785486,0.8956730961799622
1,19,0.8949650347581466,0.9299513101577759
1,20,0.9412730550231002,0.9305740594863892
1,21,0.9093601347430892,0.9149765372276306
1,22,0.9310843506431509,0.942132830619812
1,23,0.9449821930725448,0.9142738580703735
1,24,0.9477747990880281,0.9098994135856628
1,25,0.9147556652375767,0.941280722618103
1,26,0.8938333183525926,0.9226242303848267
1,27,0.9004345484546431,0.9141871333122253
1,28,0.8160292846091375,0.9311253428459167
1,29,0.8416927822477385,0.917452335357666
1,30,1.0179996634416537,0.9496559500694275
1,31,0.9834478457046663,0.901199460029602
1,32,0.9198001282589975,0.9322519302368164
1,33,0.9627980014845449,0.9339701533317566
1,34,0.9484097691560098,0.932847261428833
1,35,1.0820114861777668,0.9280674457550049
1,36,0.989818185917493,0.9338394403457642
1,37,0.9239947168157322,0.9303905963897705
1,38,0.9015426982382282,0.9493197202682495
1,39,0.8664969894070432,0.9468193054199219
1,40,0.9481438200685076,0.9379706382751465
1,41,0.8789692526298888,0.916786789894104
1,42,0.8309269020178275,0.9020395874977112
1,43,0.8984679194132094,0.9307965636253357
1,44,0.8722469673424736,0.9263243675231934
1,45,1.0292319048470426,0.9448748230934143
1,46,0.9618759770289911,0.9177939891815186
1,47,0.9411388077573197,0.9415374398231506
1,48,1.0042576863947272,0.9302604794502258
1,49,0.9234343314437823,0.9195659160614014
1,50,0.8941679266599663,0.9372321367263794
1,51,0.9914417315696291,0.9152855277061462
1,52,0.9504212445243209,0.9234757423400879
1,53,0.8304586923828593,0.8823210000991821
1,54,0.897516330732813,0.9070332646369934
1,55,0.8850423199815189,0.9288232326507568
1,56,0.8715356893207712,0.940675675868988
1,57,0.9884066604652662,0.9420977830886841
1,58,1.0145767194365314,0.9191058874130249
1,59,0.8412523559434424,0.9111807346343994
2,3,0.9694617881933237,0.9413133263587952
2,4,0.9114734204979187,0.94400554895401
2,5,0.9215370184704565,0.9458932876586914
2,6,0.9101648306130077,0.9397845268249512
2,7,0.7961453802438839,0.8393449187278748
2,8,0.9548947746536195,0.9524686932563782
2,9,0.9089321208350267,0.9504796266555786
2,10,0.9477565663599453,0.9342337250709534
2,11,0.9182284605095988,0.9207403659820557
2,12,0.9420050889400963,0.9539524912834167
2,13,0.8713281405215774,0.9167063236236572
2,14,0.9297116482390394,0.958550214767456
2,15,0.9800907425885901,0.9423211812973022
2,16,0.9934679742303096,0.9684221148490906
2,17,0.8785885706725175,0.9274663329124451
2,18,0.9581968770741346,0.9532302618026733
2,19,0.9731282713068341,0.9355589151382446
2,20,0.8519688457461775,0.9354391098022461
2,21,0.9792156556646816,0.9520476460456848
2,22,0.9258599819822121,0.9589911699295044
2,23,0.972742191291749,0.9442122578620911
2,24,0.9002889283499371,0.938451886177063
2,25,0.857313701935463,0.947557806968689
2,26,0.8613863258673775,0.9427634477615356
2,27,0.9328704820170596,0.9304662346839905
2,28,0.973872186277633,0.9608860611915588
2,29,0.9118648309952984,0.9570806622505188
2,30,0.9789270866420242,0.9469974637031555
2,31,0.8564459056466228,0.9395219087600708
2,32,0.9479429273154064,0.9512469172477722
2,33,0.8800430883082334,0.9405938982963562
2,34,0.9188184285843488,0.9514102339744568
2,35,0.9325158528887882,0.9301459193229675
2,36,0.9161966416875846,0.9592173099517822
2,37,0.93808045557278,0.9573082327842712
2,38,0.9937389845235272,0.9434243440628052
2,39,0.9230232849608848,0.9518678784370422
2,40,0.9980327697801981,0.9562481641769409
2,41,0.8849085095010059,0.9413938522338867
2,42,0.9732647512274597,0.9467745423316956
2,43,1.0234130267131318,0.9513345956802368
2,44,0.8224603126828445,0.946042537689209
2,45,0.9103017931270498,0.9501465559005737
2,46,0.974307011739276,0.945453405380249
2,47,0.9192358961717884,0.929388165473938
2,48,0.9758358433397385,0.9572785496711731
2,49,0.9015867413928161,0.9317860007286072
2,50,0.9596347080702392,0.9553052186965942
2,51,0.9199871104822881,0.9277709722518921
2,52,0.9989291783851144,0.940540075302124
2,53,0.955473701485892,0.9427526593208313
2,54,0.9286972069257816,0.9118170738220215
2,55,0.9461471175370774,0.9667409658432007
2,56,0.9210895450585823,0.945469856262207
2,57,0.9400740797829081,0.9617019891738892
2,58,0.970686640722583,0.9509640336036682
2,59,0.9188388360519129,0.939888060092926
3,4,0.9656388621494776,0.951150119304657
3,5,1.0541111453933925,0.9503411054611206
3,6,1.0033518293869776,0.9597955942153931
3,7,0.8731503271452701,0.8894515037536621
3,8,1.0156871242354861,0.9556264281272888
3,9,0.9028758148030545,0.9232795834541321
3,10,0.8311870230389283,0.933093249797821
3,11,0.8939043230268227,0.9443086385726929
3,12,0.8610120411214062,0.954551637172699
3,13,0.9348399709204627,0.9524156451225281
3,14,0.9628541741550952,0.9619332551956177
3,15,1.0464647737100776,0.9626429080963135
3,16,0.9784430002151552,0.962096631526947
3,17,0.9042709562255724,0.9152259826660156
3,18,0.9740872281405953,0.9326169490814209
3,19,0.8417257825003504,0.9522825479507446
3,20,0.9694909344140648,0.9577102065086365
3,21,0.972606813504468,0.9340635538101196
3,22,0.9022084450123384,0.9761377573013306
3,23,1.0098011154942392,0.9526134133338928
3,24,0.9516703705303604,0.9347455501556396
3,25,0.9295120387264992,0.9502764344215393
3,26,0.9852477849976665,0.9536086916923523
3,27,1.0532874600441504,0.9397528171539307
3,28,0.9621461315281018,0.953052818775177
3,29,0.975693018412612,0.9632819890975952
3,30,0.9419257133199543,0.9648937582969666
3,31,0.9018585009786647,0.9443507194519043
3,32,0.9985916118225431,0.9570748209953308
3,33,0.9121468566018955,0.9549510478973389
3,34,0.9591994351748734,0.9556211233139038
3,35,0.9376999075460826,0.9615827798843384
3,36,0.9704536437874722,0.9465046525001526
3,37,0.975218061242741,0.9585349559783936
3,38,1.0171837560935102,0.9653067588806152
3,39,0.9418199798848383,0.9673207998275757
3,40,0.9454551038670453,0.9589488506317139
3,41,0.9008762530307699,0.9498144388198853
3,42,0.9167547106991973,0.9389693737030029
3,43,0.9798220153710842,0.9609569907188416
3,44,1.00707114199102,0.9692217111587524
3,45,0.9161680137174187,0.9622762799263
3,46,0.9848293851509434,0.9413490891456604
3,47,1.022022393867219,0.9542405009269714
3,48,0.9762265881100987,0.9555548429489136
3,49,1.0375747940992779,0.9437350034713745
3,50,0.932327423894919,0.9710168838500977
3,51,0.8714891648206963,0.9337218999862671
3,52,0.8574049657003855,0.9463409781455994
3,53,0.989279802320675,0.9144775867462158
3,54,0.9580644189108425,0.9253461360931396
3,55,0.9587407826478671,0.9615200161933899
3,56,0.9765566412120786,0.9625582098960876
3,57,0.8977136228914289,0.9539880752563477
3,58,1.0738762892617557,0.9515886902809143
3,59,0.953479205613654,0.9470181465148926
4,5,0.9520080688546954,0.9465383291244507
4,6,0.9779061776838872,0.9416178464889526
4,7,0.875059055622938,0.8510085940361023
4,8,0.9657440502473122,0.9545498490333557
4,9,0.9004681090072144,0.93999183177948
4,10,0.9466352059389226,0.9230617880821228
4,11,1.0029812797744657,0.9088800549507141
4,12,1.0282305560263159,0.9609595537185669
4,13,1.0285207514865413,0.9488614201545715
4,14,0.9397871618685958,0.965347945690155
4,15,0.8992163722988386,0.9486966133117676
4,16,0.9571944644198223,0.9634838104248047
4,17,0.9357289340795532,0.9329426884651184
4,18,0.984611593040094,0.9299020171165466
4,19,0.8681974271980359,0.9528206586837769
4,20,1.0355128529443136,0.959035336971283
4,21,0.9406708102102107,0.9485712051391602
4,22,0.9353060844039351,0.9566501379013062
4,23,0.883887250070915,0.9344924688339233
4,24,0.8575165634365882,0.9402593970298767
4,25,0.9893523177265381,0.9481937885284424
4,26,0.9480942826634668,0.9444283843040466
4,27,0.8771130065723955,0.9416110515594482
4,28,0.9027111044647513,0.9674650430679321
4,29,0.9416965471819474,0.9584857821464539
4,30,1.043070359940617,0.9596192836761475
4,31,0.9330843681885032,0.9460639357566833
4,32,0.8740523636241545,0.9492095112800598
4,33,0.9442470536629208,0.956534206867218
4,34,0.9481554560722478,0.9617916345596313
4,35,0.8099198647256326,0.9447641968727112
4,36,0.9524890282652959,0.9552037715911865
4,37,0.9401009127641633,0.9516476392745972
4,38,0.9861091511340425,0.9512988328933716
4,39,1.0555045478922562,0.963056743144989
4,40,1.0205121184550796,0.9641838669776917
4,41,0.9449255357939137,0.9583699703216553
4,42,0.8803325766904495,0.935658872127533
4,43,1.0875563420797598,0.9588883519172668
4,44,0.9601147784550274,0.957153856754303
4,45,0.9681172810171561,0.9674208164215088
4,46,0.9280089384392997,0.9292151927947998
4,47,0.9526698911717851,0.9427656531333923
4,48,0.9487255638459415,0.9559435844421387
4,49,0.9096647161232734,0.9383478164672852
4,50,0.9387077373900373,0.9660506844520569
4,51,0.9521306494202608,0.9537683129310608
4,52,0.8973702348319836,0.9245414733886719
4,53,0.9052654872218852,0.9409077763557434
4,54,0.9288780180183533,0.9235565066337585
4,55,0.9444577459938864,0.9572066068649292
4,56,1.03098218212109,0.9557825326919556
4,57,0.8306934443566556,0.9632419347763062
4,58,1.000891465604851,0.946316123008728
4,59,1.013505221691532,0.9512009620666504
5,6,0.8582842475730129,0.9619537591934204
5,7,0.8985862023043444,0.9157205820083618
5,8,0.9376820813416289,0.9562541246414185
5,9,0.8595361479377539,0.929911732673645
5,10,0.9007065338608127,0.9395973682403564
5,11,0.8836280976421749,0.9391568899154663
5,12,1.0485422006837544,0.9609286785125732
5,13,0.9759534552942749,0.9291695356369019
5,14,1.0332816674846932,0.9697039127349854
5,15,0.9990355017769909,0.9629518985748291
5,16,0.893329961774069,0.9497825503349304
5,17,0.8890872305519781,0.9153132438659668
5,18,0.9709155044514716,0.9464467763900757
5,19,0.8824052744228038,0.9435116648674011
5,20,0.9946955700834486,0.9590456485748291
5,21,0.9129103686953037,0.9249266386032104
5,22,0.9521485279513776,0.9708895683288574
5,23,0.9761467842874023,0.9405987858772278
5,24,0.9461734936764138,0.9239603281021118
5,25,0.9419704457144782,0.9600187540054321
5,26,1.0003063873239741,0.9423398971557617
5,27,0.9022532315348916,0.9563063979148865
5,28,0.9825577876561732,0.95176100730896
5,29,0.9847803947770813,0.9551253318786621
5,30,0.9455625192093798,0.9610398411750793
5,31,0.9542111878361965,0.9379045367240906
5,32,0.8994803347839453,0.9620360136032104
5,33,0.9964499500127743,0.9502485990524292
5,34,0.9386622813881472,0.9479073882102966
5,35,0.9329615920084108,0.9590977430343628
5,36,1.0018445681567736,0.9493941068649292
5,37,0.9212466888592451,0.9564638733863831
5,38,0.8911206740238325,0.9615437388420105
5,39,0.8810450915214061,0.9588765501976013
5,40,0.9803833361025909,0.9500828385353088
5,41,0.8584599500311306,0.9224814176559448
5,42,1.0240459472736567,0.9363062381744385
5,43,0.8570033330535373,0.9610998034477234
5,44,1.0400526372354553,0.9552298188209534
5,45,0.9808105994076468,0.9702597260475159
5,46,0.9382859564784714,0.943121612071991
5,47,0.9309401952567204,0.958186149597168
5,48,0.9731837892648142,0.9532269835472107
5,49,0.9424844219336587,0.9443661570549011
5,50,1.019876998626583,0.9647119045257568
5,51,0.9504123983823513,0.9447010159492493
5,52,0.942237153998692,0.9347220659255981
5,53,0.8849060516817877,0.9030866622924805
5,54,0.9412350981550721,0.9440823793411255
5,55,0.9762809180077439,0.9608908295631409
5,56,0.8645644053221553,0.9500728249549866
5,57,0.8821903525748291,0.9495996236801147
5,58,0.9857195682837468,0.9485563635826111
5,59,0.950578231699488,0.9420349597930908
6,7,0.9079929346609427,0.9171921014785767
6,8,0.9587642850779523,0.9578425884246826
6,9,0.9471902053013477,0.9298111200332642
6,10,0.9042786814432111,0.9312666654586792
6,11,0.9108970567825577,0.9498122930526733
6,12,0.9621511046509412,0.9523588418960571
6,13,0.8866815226716775,0.9356001615524292
6,14,0.9858950515544919,0.9654824137687683
6,15,0.8820038649846411,0.9671330451965332
6,16,1.006381530836314,0.9549237489700317
6,17,0.9379080237254496,0.9142781496047974
6,18,0.9614158456176713,0.9486143589019775
6,19,1.002628323134501,0.9534937739372253
6,20,1.039373709253158,0.9560999870300293
6,21,0.9768461754463411,0.9261276721954346
6,22,0.8779845100406259,0.9700282216072083
6,23,0.8699831391586372,0.9339619874954224
6,24,0.9023436419999207,0.9335845708847046
6,25,0.959865853741926,0.9585613012313843
6,26,0.9717370784305301,0.945854127407074
6,27,0.9130632260026356,0.9493504166603088
6,28,0.9658180664457472,0.9564797282218933
6,29,0.9237285774385777,0.9614977240562439
6,30,0.9312217048745115,0.9617975950241089
6,31,0.8667725412231101,0.9371055960655212
6,32,0.9072986138213164,0.9534602761268616
6,33,0.8900882464876769,0.9576724767684937
6,34,0.9001638997977276,0.9489575624465942
6,35,1.0158255577335291,0.9631434679031372
6,36,0.907350211655815,0.9548201560974121
6,37,1.0772556736955132,0.9456365704536438
6,38,0.9900830417267837,0.9654171466827393
6,39,0.9667547809238184,0.9575129747390747
6,40,0.9137638393539764,0.9566817283630371
6,41,0.956743628125723,0.9217281341552734
6,42,0.9003407354695749,0.9291226267814636
6,43,0.9684567004872119,0.9623562097549438
6,44,1.0904474594497557,0.9624432325363159
6,45,0.9638784596722758,0.9686814546585083
6,46,0.9997047985736527,0.9422411322593689
6,47,0.9211090124534225,0.9562678337097168
6,48,0.9545497612280206,0.9562991857528687
6,49,1.0432498596817084,0.9547098278999329
6,50,0.9317890353399817,0.9631373882293701
6,51,1.0330346850943655,0.942412257194519
6,52,0.983823976205452,0.9484363794326782
6,53,0.8804232281684824,0.9085465669631958
6,54,0.977862480992693,0.946242094039917
6,55,1.0072870137487315,0.958659291267395
6,56,0.9894685746642046,0.9583780765533447
6,57,0.8783836981828759,0.9568949341773987
6,58,0.9127140716897136,0.949070930480957
6,59,0.9363445233921025,0.9487204551696777
7,8,0.8786601849864955,0.8823818564414978
7,9,0.8413613135986948,0.8103277087211609
7,10,0.8561218621613783,0.8472368121147156
7,11,0.8375126697407339,0.904279887676239
7,12,0.8980450077923026,0.8790351152420044
7,13,0.8925007847998967,0.8619714975357056
7,14,0.9131946720471257,0.8852051496505737
7,15,0.9572779288329679,0.9032388925552368
7,16,0.8871319058956276,0.8454357981681824
7,17,0.817222724473812,0.7942637205123901
7,18,0.8713031253309983,0.8748114109039307
7,19,0.7968167652214783,0.8798648118972778
7,20,0.9216119577286325,0.9001310467720032
7,21,0.8237741028907178,0.8133897185325623
7,22,0.9057131910701264,0.8921342492103577
7,23,0.7867634098701783,0.8506008386611938
7,24,0.7679441002409394,0.8219969272613525
7,25,0.9309505012672616,0.8782928586006165
7,26,0.857156618356209,0.8591343760490417
7,27,0.9205841553329561,0.886509120464325
7,28,0.8568032488617597,0.8553873300552368
7,29,0.8748738324035591,0.873386025428772
7,30,0.9513601365153831,0.9044459462165833
7,31,0.8143263045818682,0.8401285409927368
7,32,0.8901695580387912,0.8853635191917419
7,33,0.8441623676715289,0.867276132106781
7,34,0.8268848745262114,0.8486096858978271
7,35,0.897893764088714,0.913352370262146
7,36,0.86365254601119,0.8525458574295044
7,37,0.8395014732022571,0.8634389042854309
7,38,0.9586632006230059,0.8958753943443298
7,39,0.8405002953275624,0.8852306604385376
7,40,0.855050903742402,0.86439448595047
7,41,0.7933767350120114,0.8153632879257202
7,42,0.8978592768699694,0.8255103826522827
7,43,0.8870399056117726,0.8772121667861938
7,44,0.9330234489354068,0.8814312219619751
7,45,0.8303216479436104,0.904599666595459
7,46,0.8719790577690184,0.8586265444755554
7,47,0.9394763351035901,0.8949947953224182
7,48,0.874572981182979,0.8704587817192078
7,49,0.9335065913088095,0.880232572555542
7,50,0.8607615826677109,0.8866260051727295
7,51,0.9402038050384538,0.8697364330291748
7,52,0.9928390097080316,0.8778941035270691
7,53,0.7813214632820331,0.7994633913040161
7,54,0.8836896061000664,0.905964732170105
7,55,0.9513622084368787,0.8786929845809937
7,56,0.9667187424794067,0.8877401351928711
7,57,0.8270903360446803,0.8532333374023438
7,58,0.8372985571897933,0.8583078980445862
7,59,0.8521010838498824,0.8661903142929077
8,9,0.865031669661604,0.9322541952133179
8,10,0.8909758861810391,0.936908483505249
8,11,0.8803869291001407,0.9305939674377441
8,12,0.9197576475321471,0.9581475257873535
8,13,0.9375639085542449,0.939298152923584
8,14,0.9794156287853343,0.9677048921585083
8,15,1.0345157434822565,0.9569907188415527
8,16,0.9106222349824086,0.9605399370193481
8,17,0.9811869546558849,0.9319708347320557
8,18,0.943621703800077,0.9543211460113525
8,19,0.9601180453866716,0.9625912308692932
8,20,0.9915932189854664,0.9578522443771362
8,21,0.8789971176871438,0.9351332187652588
8,22,0.9886263934142441,0.9695059061050415
8,23,0.9438833136882407,0.9355607032775879
8,24,0.9548440016083054,0.930221438407898
8,25,0.9709797048546926,0.9565212726593018
8,26,1.0661696219209293,0.9434046149253845
8,27,0.9108769253861281,0.9427639245986938
8,28,0.9371985476928718,0.9637483954429626
8,29,0.9318691992456258,0.963026225566864
8,30,0.9334287655019482,0.9612026214599609
8,31,0.89673256423938,0.9286019206047058
8,32,1.0185362910329165,0.9590854644775391
8,33,1.0233464437646966,0.9523212313652039
8,34,0.9270379726545978,0.9555752873420715
8,35,0.9123431764877634,0.9539609551429749
8,36,0.975664319441482,0.9520935416221619
8,37,0.9279783806381243,0.9555895328521729
8,38,0.9937309438578988,0.9620843529701233
8,39,0.9772424797779166,0.9670963287353516
8,40,0.8876604246555644,0.963447630405426
8,41,1.0145206124300894,0.9371453523635864
8,42,1.0205123055908112,0.9307184219360352
8,43,0.9253377669375726,0.955977201461792
8,44,0.9504168843788416,0.9698019623756409
8,45,0.981644825360525,0.9673515558242798
8,46,0.971171837473747,0.9544489979743958
8,47,0.9829640969878285,0.950036883354187
8,48,1.0544266574116452,0.9539164304733276
8,49,0.9325314108840561,0.9413787722587585
8,50,0.9291257104163574,0.96904057264328
8,51,0.8784847956259461,0.9474507570266724
8,52,0.908545222398656,0.945091724395752
8,53,0.9097799707075064,0.9114363193511963
8,54,1.0315959003589643,0.941868007183075
8,55,0.9429226619959759,0.9688032269477844
8,56,0.9714136087979178,0.9602242112159729
8,57,0.9609626219428834,0.961783766746521
8,58,1.0079449136304426,0.9485252499580383
8,59,1.0762745473572186,0.9499279260635376
9,10,0.9016419050963546,0.9281853437423706
9,11,0.8655842207489973,0.8900561928749084
9,12,1.0014250057141103,0.9492169618606567
9,13,0.9417262101472091,0.9076316356658936
9,14,1.0440783133883946,0.951742947101593
9,15,0.9557168164661578,0.9265204071998596
9,16,0.9469596117310938,0.9649242162704468
9,17,0.9468318929552088,0.9172991514205933
9,18,0.9962824566704418,0.9408472776412964
9,19,0.9707164966407398,0.9296923875808716
9,20,0.9470932066174682,0.9217295050621033
9,21,1.0032030095725364,0.9498692750930786
9,22,1.0043196817897397,0.945854902267456
9,23,1.0045827625363428,0.9354748129844666
9,24,0.9755115685028647,0.9430760741233826
9,25,0.9358490820795857,0.9442049860954285
9,26,0.9330457663758043,0.9257100820541382
9,27,0.9851678059609159,0.924842357635498
9,28,0.9177058750085301,0.9585526585578918
9,29,0.9720937363397938,0.9536600708961487
9,30,0.9057308727037918,0.9253978133201599
9,31,0.9495910945631837,0.9481538534164429
9,32,1.012906977667108,0.9489843845367432
9,33,0.9610041092084903,0.9514491558074951
9,34,0.9422494649848643,0.9399276375770569
9,35,0.845366477351944,0.9133592844009399
9,36,0.9835237183213501,0.946211040019989
9,37,0.9780576453554242,0.9457834362983704
9,38,1.0366598718044637,0.9284971356391907
9,39,0.9191143455269777,0.9345032572746277
9,40,0.96332142467406,0.952363908290863
9,41,0.9447668311848969,0.9322976469993591
9,42,1.0220899415150293,0.9432172775268555
9,43,0.942581612674323,0.9473463892936707
9,44,0.9462603461936073,0.9323092699050903
9,45,0.9646480412756219,0.9342532157897949
9,46,0.9364281343423272,0.9270976781845093
9,47,0.8882584775061162,0.9105801582336426
9,48,0.9531384400555294,0.943433940410614
9,49,0.9871077292318802,0.9334261417388916
9,50,0.8918083640768408,0.9431341290473938
9,51,0.925098302795326,0.9184498190879822
9,52,0.8849477227379962,0.9199537634849548
9,53,0.9804260594354389,0.9206737279891968
9,54,0.81531913366935,0.8914784789085388
9,55,0.9254005773103403,0.9533466696739197
9,56,0.9494534883073642,0.9305928945541382
9,57,1.0399393284072127,0.9616631269454956
9,58,0.9424361397860113,0.9457236528396606
9,59,0.9146341014432027,0.9423940777778625
10,11,0.9985036804793233,0.9044458270072937
10,12,0.8637323320559089,0.9361330270767212
10,13,0.794149570237691,0.9040898680686951
10,14,0.9748442693700372,0.9528435468673706
10,15,0.9088821644613856,0.9339848756790161
10,16,0.8922572029850171,0.9433188438415527
10,17,0.957062390808266,0.9216445684432983
10,18,0.9251816190358805,0.9129915833473206
10,19,0.9039367168281843,0.9321406483650208
10,20,0.8638748423986086,0.9278900623321533
10,21,0.9646006376962033,0.920977771282196
10,22,0.9918915200414267,0.9593814611434937
10,23,0.9255787286501727,0.9305375218391418
10,24,1.0137850873359526,0.9214532375335693
10,25,0.8986430070907969,0.9521472454071045
10,26,0.8420356949983797,0.9183119535446167
10,27,0.9077127243860342,0.9423081278800964
10,28,0.9312946604401596,0.9335739612579346
10,29,0.9503612473684784,0.9381942749023438
10,30,0.919433029146063,0.9314948320388794
10,31,0.9472616595962227,0.9296588897705078
10,32,0.8894920132989922,0.9520689845085144
10,33,1.0062055308094369,0.9340173006057739
10,34,0.9354668615324895,0.9395744204521179
10,35,0.9779238507224728,0.9220590591430664
10,36,0.9571792994882272,0.940043032169342
10,37,0.9655139071239185,0.9426762461662292
10,38,0.9661171696489698,0.9376288056373596
10,39,0.9671873546137197,0.944801926612854
10,40,0.966909523518127,0.9347733855247498
10,41,0.9778758856504509,0.9114182591438293
10,42,0.9324762764950223,0.9226502180099487
10,43,0.9689443981226508,0.9334942102432251
10,44,0.9286324527085817,0.9331192374229431
10,45,1.007912747826917,0.9359068870544434
10,46,0.896274030946536,0.9300936460494995
10,47,1.02405889822864,0.9340118765830994
10,48,0.9243338745472506,0.9263417720794678
10,49,0.8493153961430295,0.9208541512489319
10,50,0.9466151459202526,0.9402099251747131
10,51,0.8921283758741198,0.9261809587478638
10,52,0.9570984196674538,0.9150662422180176
10,53,0.8583340839519031,0.8909652829170227
10,54,0.8724916105429353,0.8948007822036743
10,55,0.8440420240644483,0.9385190606117249
10,56,0.9113256906980076,0.9339410066604614
10,57,0.8205053597069127,0.9416993260383606
10,58,0.8635958439331357,0.9427909851074219
10,59,0.9596693543663579,0.9216486215591431
11,12,0.9664267271593787,0.9271367192268372
11,13,0.9439428848412624,0.9226700067520142
11,14,0.8823033344145843,0.9306521415710449
11,15,0.9446683414946588,0.9470539093017578
11,16,0.9295250756249699,0.9297052025794983
11,17,0.8231265705902692,0.8810448050498962
11,18,0.9854825080716034,0.9103125929832458
11,19,0.9744729300118768,0.9306048154830933
11,20,0.9119957576018518,0.923043966293335
11,21,0.8905875966791882,0.8892433047294617
11,22,0.9631151657689292,0.9526960253715515
11,23,0.8238051327994886,0.9258918762207031
11,24,0.8826232304070512,0.894982099533081
11,25,0.8942446200929385,0.9283438324928284
11,26,0.8793322585346427,0.9294132590293884
11,27,0.9206386198657426,0.9346936345100403
11,28,1.0062591885365375,0.9163748621940613
11,29,0.9692502591178854,0.9372081160545349
11,30,0.9137914976887471,0.942350447177887
11,31,0.9399637132903726,0.9113345742225647
11,32,1.0045228255402376,0.9345550537109375
11,33,0.9749371976229639,0.9287055134773254
11,34,0.9251723039040287,0.92219078540802
11,35,0.9114332853021908,0.9437801241874695
11,36,0.9578034977577059,0.9228923320770264
11,37,0.9380029717208861,0.9183287024497986
11,38,0.9861372411672497,0.941377580165863
11,39,0.9772754148063885,0.94551682472229
11,40,0.9791318553933471,0.9266542196273804
11,41,0.8707698680306752,0.8975316286087036
11,42,0.965846433628396,0.8999767303466797
11,43,0.9527961350960702,0.9429161548614502
11,44,1.0419024822604137,0.9381394386291504
11,45,0.9149470541219193,0.9494064450263977
11,46,1.0194506636079694,0.932652473449707
11,47,0.9368633984413208,0.9269678592681885
11,48,0.897576390049075,0.9301472902297974
11,49,0.9011789048991516,0.9253731966018677
11,50,0.923036110447065,0.939053475856781
11,51,0.93183578164169,0.9106274843215942
11,52,0.9601706383086354,0.9340288639068604
11,53,0.8367083999953318,0.8653934001922607
11,54,0.9099260501415896,0.9111437797546387
11,55,1.045500435044851,0.9383869171142578
11,56,1.0363627222600709,0.9499855637550354
11,57,0.955194879925352,0.9333786964416504
11,58,0.9310350792466974,0.9291349053382874
11,59,0.9378801330778564,0.9318785667419434
12,13,0.9698184834372411,0.9391425848007202
12,14,0.9168301469399699,0.9679697751998901
12,15,0.9485359735438718,0.9614048004150391
12,16,0.8886888759684435,0.972118079662323
12,17,0.9537563698296048,0.9337952136993408
12,18,0.9759841742358084,0.9436243772506714
12,19,0.9284196387342439,0.9525789618492126
12,20,1.0387802002097897,0.9600808620452881
12,21,0.8913129708362416,0.9526012539863586
12,22,0.8933733890347055,0.9665921330451965
12,23,0.9523324270295306,0.941109836101532
12,24,0.9990612101440355,0.9467062950134277
12,25,1.0554811913012565,0.971284806728363
12,26,0.9238708603466959,0.9468150734901428
12,27,1.0023024122045543,0.9483683705329895
12,28,0.9659920784513868,0.9679175019264221
12,29,0.9580117300194385,0.9666430950164795
12,30,1.0059718896203054,0.9617888927459717
12,31,0.9695946628835311,0.9369785189628601
12,32,0.8814822682189027,0.9603018760681152
12,33,1.0418839346768465,0.9680569171905518
12,34,1.0321489296801813,0.9631443619728088
12,35,0.9149165732718441,0.9461947083473206
12,36,0.9805477898539383,0.9607576131820679
12,37,0.9831164811425976,0.9584149718284607
12,38,0.9698757531486782,0.9568420648574829
12,39,0.9412258612156574,0.9687411189079285
12,40,0.9383895089788908,0.9719706773757935
12,41,0.9488854820468938,0.9501631855964661
12,42,1.0017337443398908,0.9430972933769226
12,43,0.9899908817150121,0.9628108739852905
12,44,0.9383242228564491,0.9568549394607544
12,45,1.0053869961365127,0.9668020606040955
12,46,0.8068306004061794,0.9492577314376831
12,47,1.0037466594235125,0.9463083744049072
12,48,0.8805723969795215,0.9675580859184265
12,49,0.9285251201356539,0.9466471672058105
12,50,0.9116951713835,0.9676786661148071
12,51,0.8836488998849142,0.9483829736709595
12,52,0.9932340435696706,0.9351927042007446
12,53,0.9026449201170531,0.9260299801826477
12,54,0.9462662651200135,0.9289410710334778
12,55,0.9705591896572676,0.9729052186012268
12,56,0.9809519559119373,0.9570999145507812
12,57,0.9751890822048377,0.971347987651825
12,58,0.8882848093762038,0.9524344205856323
12,59,1.004560004542761,0.954746663570404
13,14,0.9268345807578584,0.9515224099159241
13,15,0.8740003981128193,0.9518294930458069
13,16,0.9272610529410843,0.9486668109893799
13,17,0.9783150290596087,0.9032770395278931
13,18,0.9674075657586287,0.9248964786529541
13,19,0.91956242272907,0.9369950294494629
13,20,0.9248798133581447,0.9423426985740662
13,21,0.9187309720294324,0.9348127245903015
13,22,1.0504763409428737,0.9466389417648315
13,23,0.9597766208057,0.9406798481941223
13,24,0.9492046880838882,0.9277026057243347
13,25,0.989172363428826,0.9376581907272339
13,26,0.95411812454297,0.9421786665916443
13,27,0.9213471232845264,0.9342992305755615
13,28,0.9286508446047721,0.938468337059021
13,29,0.9440790122894591,0.9476590752601624
13,30,0.9522240593971947,0.9540851712226868
13,31,0.9610528290914865,0.9246713519096375
13,32,0.9457238535478723,0.9431265592575073
13,33,0.9720713520816041,0.9354393482208252
13,34,0.9416370406768829,0.945672869682312
13,35,0.9430431710873072,0.9391114115715027
13,36,0.8293372854717284,0.9292473196983337
13,37,0.9786783675112166,0.9328619837760925
13,38,0.9586872220088584,0.9413627982139587
13,39,1.0041791533926103,0.9542786478996277
13,40,0.7983279762532793,0.9431407451629639
13,41,1.0432987019748763,0.9388799667358398
13,42,0.911399348548296,0.9183788299560547
13,43,1.0054201557752303,0.9500110149383545
13,44,0.8962806869773111,0.9482759833335876
13,45,0.9824458365571446,0.9518071413040161
13,46,0.869699715253335,0.9223704934120178
13,47,0.9036808413634031,0.9348692893981934
13,48,1.0353299899536237,0.9396284222602844
13,49,0.9156177049130045,0.9251518249511719
13,50,0.9652787395681048,0.9544070959091187
13,51,0.9875259228122086,0.944022536277771
13,52,0.9515162172967321,0.9267321228981018
13,53,0.9229685975971141,0.9154476523399353
13,54,0.9301290797291767,0.9118810296058655
13,55,1.0687100363114743,0.9485392570495605
13,56,0.9530120402470451,0.9558929800987244
13,57,0.9527512852672669,0.9426963329315186
13,58,0.9957205526327171,0.9431878328323364
13,59,1.0022350173319508,0.9469587206840515
14,15,1.0253039116708413,0.9659523963928223
14,16,1.0039461103102911,0.9720095992088318
14,17,0.8779072156252251,0.9350574612617493
14,18,1.0333486009795263,0.9516770243644714
14,19,0.9044257275185602,0.9617429971694946
14,20,0.9847919957923167,0.969660222530365
14,21,0.9118227098603298,0.9495365023612976
14,22,0.9724776062528089,0.9756845235824585
14,23,0.9700176059315864,0.9535794854164124
14,24,0.9657841307424538,0.9497162699699402
14,25,0.9901141990086088,0.9690181612968445
14,26,1.0313346461136075,0.950649082660675
14,27,0.9831027476188814,0.9604260325431824
14,28,0.9601812702175843,0.9723891019821167
14,29,1.0156217773711744,0.9674174189567566
14,30,1.0298392275521586,0.9703657031059265
14,31,0.8878623203103501,0.9492427110671997
14,32,0.9988595545598452,0.9689895510673523
14,33,0.9974512653084465,0.9623926281929016
14,34,0.9561834121656796,0.9710615873336792
14,35,1.0305204700219652,0.9617351293563843
14,36,0.9552276283632174,0.9627304077148438
14,37,0.9765852787625969,0.9703064560890198
14,38,0.9637329477681978,0.9723865389823914
14,39,0.9748084933946983,0.974029541015625
14,40,0.9148623826257599,0.96967613697052
14,41,0.8799910405031588,0.9519935846328735
14,42,1.023521053370294,0.9437958002090454
14,43,0.9227231339085465,0.9650712013244629
14,44,0.9176146877182246,0.96718430519104
14,45,0.8662827281111656,0.9739522337913513
14,46,0.9217805884578101,0.9537286758422852
14,47,0.9001020096200913,0.9662564992904663
14,48,1.0472266167905404,0.9651258587837219
14,49,1.0005871636521597,0.9500963091850281
14,50,0.9444840342357121,0.9788915514945984
14,51,1.0793184102547033,0.9666966199874878
14,52,0.9960790027278756,0.9469907283782959
14,53,0.9169621876338035,0.9332037568092346
14,54,0.8259592367706646,0.9509295225143433
14,55,1.0860643338678793,0.9715172052383423
14,56,0.8984074073358009,0.9678860306739807
14,57,0.8867194945102181,0.9689894318580627
14,58,1.0140386373193235,0.9629101157188416
14,59,1.0826985630621724,0.9607109427452087
15,16,1.0328686954947703,0.9636550545692444
15,17,0.9402613196119319,0.912065863609314
15,18,0.9711750211031923,0.941437304019928
15,19,0.9906992231828509,0.9480284452438354
15,20,0.9981871511919139,0.9602407217025757
15,21,0.9502121485986763,0.9361525774002075
15,22,0.9745354784382554,0.9693254232406616
15,23,0.9397512721214119,0.9428809285163879
15,24,0.8948076165802258,0.9325058460235596
15,25,0.9510333943652794,0.9650671482086182
15,26,0.8627681072043543,0.9474159479141235
15,27,0.9465665067431482,0.9514834880828857
15,28,0.9049095912565288,0.9543391466140747
15,29,0.9109412540488794,0.966120719909668
15,30,0.9758085698814349,0.966813862323761
15,31,1.0140463800147093,0.9444462656974792
15,32,0.9999766828277341,0.9540608525276184
15,33,0.87780860705639,0.9563336372375488
15,34,0.9082878082784472,0.9577692151069641
15,35,1.00143355556564,0.9543949961662292
15,36,0.9080907010475718,0.9572150707244873
15,37,0.9360517892889366,0.9472834467887878
15,38,0.9902027931111702,0.9627001881599426
15,39,0.9171787378738837,0.9655959606170654
15,40,0.9618283141485455,0.9565595388412476
15,41,0.872243065006287,0.9389443397521973
15,42,0.9008865509689432,0.9309549331665039
15,43,0.9870121198356364,0.9710230231285095
15,44,0.880984366076865,0.9606340527534485
15,45,0.9901698226371557,0.9681460857391357
15,46,0.9369736683536842,0.9379555583000183
15,47,0.984553942987581,0.9569294452667236
15,48,0.9739519232292646,0.9627562165260315
15,49,1.0197424848318222,0.9515354633331299
15,50,0.9743617729229227,0.9681005477905273
15,51,0.9291605665831111,0.9506308436393738
15,52,0.953412925078372,0.9472980499267578
15,53,0.9442145478293829,0.9170496463775635
15,54,0.9455243824530528,0.9430813789367676
15,55,0.9635791050527478,0.9615495204925537
15,56,0.9290116245253727,0.9641112089157104
15,57,0.9223539475192116,0.955498993396759
15,58,0.8886800062426264,0.9588102698326111
15,59,1.0473568645984643,0.9598780274391174
16,17,0.8766473466914343,0.9388405084609985
16,18,0.9198417658479671,0.9544870257377625
16,19,0.9174994412945993,0.9534198045730591
16,20,0.9992983328570793,0.9545521140098572
16,21,0.9511565135066633,0.9659039974212646
16,22,1.0317288585470168,0.9693417549133301
16,23,0.9252377221676283,0.9589122533798218
16,24,0.9781853119205468,0.9642356038093567
16,25,0.9228378595486211,0.9646052122116089
16,26,1.0634203859235816,0.9561629295349121
16,27,0.8938332343181472,0.9532131552696228
16,28,0.9933001666568286,0.9778091311454773
16,29,1.0072406876897935,0.9755518436431885
16,30,0.9764576460079815,0.9557676911354065
16,31,0.9482489494230579,0.9575133323669434
16,32,0.9562410416582261,0.9627320766448975
16,33,0.969177587415789,0.9669870138168335
16,34,0.9651704897470668,0.9725205898284912
16,35,0.9941743854890985,0.945980429649353
16,36,1.0758310612161948,0.9653049111366272
16,37,0.9402398464223684,0.96811443567276
16,38,0.8901149020616955,0.9586050510406494
16,39,0.9655406266626374,0.9699547290802002
16,40,1.1056429170818431,0.9766574501991272
16,41,0.9186677282436644,0.9588514566421509
16,42,1.0393323203747424,0.9573764801025391
16,43,1.0538638500605115,0.9699788093566895
16,44,0.9375301912242316,0.9652096033096313
16,45,0.990583932458867,0.9621347784996033
16,46,1.0339834150072875,0.9525635838508606
16,47,0.9262649774487641,0.9452213644981384
16,48,0.9606943974650052,0.9708734154701233
16,49,0.920830469321031,0.9499145150184631
16,50,0.9242245171717165,0.9749623537063599
16,51,0.9179317664577897,0.9503956437110901
16,52,0.8859366469783545,0.9471336603164673
16,53,0.956095593300504,0.9543914198875427
16,54,0.8802085303911902,0.9187071919441223
16,55,0.9888371728058765,0.9771478772163391
16,56,0.8842344959681695,0.9620292782783508
16,57,0.993659761923528,0.9771157503128052
16,58,1.0160350067352315,0.9743585586547852
16,59,0.8643146350314614,0.9640014171600342
17,18,0.9150737162487262,0.8963708877563477
17,19,0.9863539572454297,0.9249705076217651
17,20,0.8587835769264627,0.919265627861023
17,21,1.0116305595922819,0.9280019402503967
17,22,0.9566833151228433,0.935732364654541
17,23,0.8645739072960029,0.8998245000839233
17,24,0.912274688893604,0.9150631427764893
17,25,0.9596236682235898,0.9317073225975037
17,26,0.922289308514865,0.9184890389442444
17,27,0.9449574519889566,0.9180196523666382
17,28,0.8910312064391713,0.9370648860931396
17,29,0.9398424122535922,0.9313743710517883
17,30,0.8462928727957422,0.9169785976409912
17,31,0.8935035954234708,0.8990648984909058
17,32,0.883631665274783,0.9288270473480225
17,33,0.8930181720218178,0.9297946691513062
17,34,1.0009417599339228,0.9391371011734009
17,35,0.970658736277211,0.9160932302474976
17,36,0.9724605733999426,0.9420036673545837
17,37,0.876469590686354,0.9310852289199829
17,38,0.9117116543508922,0.9275320768356323
17,39,0.9959557120253264,0.9353008270263672
17,40,0.9419833280771673,0.9348974823951721
17,41,1.0416996856553957,0.925733208656311
17,42,0.9205160687809368,0.9008501768112183
17,43,0.9337530419527365,0.9241505861282349
17,44,0.9216133544174384,0.9370691776275635
17,45,0.9286865729223721,0.9220095276832581
17,46,0.9255971331046788,0.933220624923706
17,47,0.9474054939159114,0.9120000600814819
17,48,0.9763374370830153,0.9285023212432861
17,49,0.8626857550362785,0.901985228061676
17,50,0.871598890995512,0.9381605386734009
17,51,0.8409484798761767,0.9327587485313416
17,52,0.903404415302689,0.8780048489570618
17,53,0.8447102311880409,0.8998785614967346
17,54,0.7734561845590714,0.8811007142066956
17,55,0.9550307607090311,0.9356018304824829
17,56,1.0415088873859217,0.9168589115142822
17,57,0.9387296647005627,0.9390332102775574
17,58,0.9666020895152762,0.9246775507926941
17,59,0.919034805367869,0.9149433374404907
18,19,0.9379543272502634,0.9428988099098206
18,20,0.9808120270836536,0.9348582029342651
18,21,0.9126558937813206,0.9271696209907532
18,22,0.9641067344246035,0.9507371187210083
18,23,0.9517870354094405,0.9357021450996399
18,24,0.8786996667137521,0.9121041893959045
18,25,0.991586651740437,0.9419845342636108
18,26,0.913529462726753,0.9222774505615234
18,27,0.9039977795429054,0.9417850375175476
18,28,0.9810350582948532,0.954209566116333
18,29,0.91227188289287,0.9571952819824219
18,30,0.9377862255701777,0.9363771677017212
18,31,0.9258345622527507,0.9262905120849609
18,32,1.0047058596056657,0.9504110813140869
18,33,0.9569325291748204,0.9331976175308228
18,34,0.9312797704556871,0.9325311183929443
18,35,0.9816845114207382,0.9407961964607239
18,36,0.9980607996424855,0.9285504221916199
18,37,0.9654266953369718,0.9375361800193787
18,38,0.9327323679306456,0.9322147369384766
18,39,0.8712096219457245,0.9368014335632324
18,40,0.887571626931528,0.9408273100852966
18,41,0.8909208154872227,0.906182050704956
18,42,0.8922924462847055,0.9227680563926697
18,43,0.9361043037891738,0.945452868938446
18,44,0.9538294912170844,0.950996994972229
18,45,0.9760590486332112,0.9495744109153748
18,46,0.9441328846596675,0.9476578235626221
18,47,0.9495985602224686,0.9252734780311584
18,48,0.9420512353889435,0.9388275146484375
18,49,0.8336686811313115,0.9324420094490051
18,50,0.9078104710622361,0.9547772407531738
18,51,0.9221082686029268,0.9293126463890076
18,52,0.8638523519196817,0.9243370890617371
18,53,0.9512231167785883,0.9212266802787781
18,54,1.0097646634471715,0.9332271218299866
18,55,1.0220420087530788,0.9611039161682129
18,56,0.9225592102132553,0.9332313537597656
18,57,1.0186275076710498,0.9440912008285522
18,58,0.9485715211679059,0.9411381483078003
18,59,0.9327942009329285,0.9496484994888306
19,20,0.9226612777078101,0.9533314108848572
19,21,0.9182762525568496,0.9333997368812561
19,22,0.9462907721672684,0.9656996130943298
19,23,0.9382871084591674,0.9297662973403931
19,24,0.9317569862724945,0.9237282872200012
19,25,0.9556810371221727,0.955528736114502
19,26,0.9604062618389105,0.938559353351593
19,27,1.0088181189646894,0.9492858052253723
19,28,1.0058004702150594,0.9583227634429932
19,29,0.8887641610066735,0.9630090594291687
19,30,0.8266708060287975,0.9543668627738953
19,31,0.9740607946037118,0.927344799041748
19,32,0.885558846088903,0.9539027810096741
19,33,0.9494631359074105,0.9607014060020447
19,34,0.8810751468461409,0.9395807981491089
19,35,0.8774596600858733,0.9675586819648743
19,36,0.9724037562222512,0.9453306198120117
19,37,0.9908584061321978,0.9529006481170654
19,38,0.9299809350990095,0.9588064551353455
19,39,0.8419940584884577,0.9715461730957031
19,40,0.935524758407078,0.9628369808197021
19,41,0.9443243754753581,0.9247341752052307
19,42,0.8534253274374533,0.9273709058761597
19,43,0.9648757248517202,0.9557077288627625
19,44,0.963549981574706,0.9643154740333557
19,45,0.9944456774466377,0.9654811024665833
19,46,0.9583193828768845,0.9523403644561768
19,47,0.896280146229085,0.9449335932731628
19,48,1.0006419972862886,0.940813422203064
19,49,0.9375065419403873,0.9454330205917358
19,50,0.9620155866231362,0.9633808135986328
19,51,0.8939274605058128,0.9405908584594727
19,52,0.9116370616042428,0.9338011741638184
19,53,0.8564651422184242,0.9007052779197693
19,54,0.9295851188788289,0.938232421875
19,55,1.0462568488728399,0.9606714248657227
19,56,0.8970241492819601,0.9656192064285278
19,57,0.8798429724531173,0.9605210423469543
19,58,1.0137514542256325,0.9401929378509521
19,59,0.939881358905163,0.9503475427627563
20,21,0.8972328965180845,0.9306865334510803
20,22,1.0115417407746805,0.9595465064048767
20,23,0.8964450874235572,0.9267258644104004
20,24,1.025341032094583,0.9340405464172363
20,25,0.9927909635765765,0.958894670009613
20,26,0.9183693078657251,0.9427648782730103
20,27,1.0503693398014589,0.9425039291381836
20,28,0.9239120778511454,0.9541978240013123
20,29,0.9912276695632949,0.9541229009628296
20,30,0.9787232168575438,0.9637585878372192
20,31,0.9956517660270994,0.9305647015571594
20,32,1.034156711798623,0.9560811519622803
20,33,0.9546185151391404,0.953018307685852
20,34,0.9232884813873234,0.9609593749046326
20,35,0.9750638365628493,0.9520652294158936
20,36,0.9158065404151352,0.9496923089027405
20,37,1.0510893843871343,0.9504200220108032
20,38,0.9687546573317247,0.9619278907775879
20,39,0.951065782976692,0.9693318605422974
20,40,0.9690831940842916,0.9598491787910461
20,41,0.8775825240054183,0.9449388384819031
20,42,0.8774784249284103,0.9260591268539429
20,43,1.0103083354919784,0.9502876400947571
20,44,0.9237225734964986,0.9565672874450684
20,45,0.9184474000655796,0.9707929491996765
20,46,0.9658135746304537,0.9389809370040894
20,47,1.0143317422714189,0.955046534538269
20,48,0.9964060633985488,0.9604583978652954
20,49,0.996827266130043,0.9470248818397522
20,50,0.9256134788135619,0.9634532332420349
20,51,0.8798794011264088,0.950969934463501
20,52,1.0108348100391806,0.9357681274414062
20,53,0.8965162356045852,0.9126502275466919
20,54,0.9295060047596756,0.942047655582428
20,55,1.0262341499559173,0.9598244428634644
20,56,0.9873471588295606,0.9595356583595276
20,57,0.9747156131981966,0.9519212245941162
20,58,1.0497282504466534,0.9414781332015991
20,59,0.9168178905516106,0.9489938020706177
21,22,0.9858212895461517,0.9394292831420898
21,23,0.9423018738962214,0.9394512176513672
21,24,0.9593503793430957,0.9459207653999329
21,25,1.0203085092875455,0.943885087966919
21,26,0.9693979924195837,0.9440062046051025
21,27,0.9488302755062842,0.9219154715538025
21,28,1.0083381153930169,0.9547127485275269
21,29,0.9366923845609112,0.9549400210380554
21,30,0.8954678122453849,0.9374282956123352
21,31,0.8736616685185528,0.9259021282196045
21,32,0.8448079549283252,0.9431257843971252
21,33,1.048547479986396,0.9457371234893799
21,34,0.8977933971741209,0.9529538154602051
21,35,0.9122629766652549,0.9233256578445435
21,36,0.93230880342749,0.946149468421936
21,37,0.9687289850979746,0.9533586502075195
21,38,0.9728766662299921,0.9320898056030273
21,39,0.9892292904153017,0.9462056159973145
21,40,0.9321047778976029,0.9612586498260498
21,41,0.9407137123033857,0.9490697979927063
21,42,0.9571178700524912,0.9429888725280762
21,43,0.9331264354548913,0.9455609917640686
21,44,1.022044908748662,0.9416776299476624
21,45,0.9643279695934788,0.9397792220115662
21,46,0.959694395512818,0.9229505062103271
21,47,0.9544605083071804,0.9213164448738098
21,48,1.0041113626282945,0.9454376697540283
21,49,0.9362472825975083,0.927196204662323
21,50,0.89191570965482,0.9567573070526123
21,51,0.9556542965744484,0.9356698989868164
21,52,0.8842280647151632,0.9167959094047546
21,53,0.9224364869269165,0.9488673210144043
21,54,0.9225386255898542,0.8932204246520996
21,55,1.0178778843837546,0.9559637308120728
21,56,0.9399564797805592,0.9388929009437561
21,57,0.9715838377484785,0.9561421871185303
21,58,1.029626571549694,0.9445158243179321
21,59,0.9433664324729636,0.9313287734985352
22,23,1.0911267386977588,0.961042582988739
22,24,0.9719104095543738,0.9436349272727966
22,25,0.8794436540153231,0.967481791973114
22,26,0.9921642395826009,0.9544971585273743
22,27,0.9839602606099531,0.9649023413658142
22,28,1.0313394085819754,0.9668517708778381
22,29,1.0110215215010285,0.9773624539375305
22,30,0.9573318184918513,0.96425461769104
22,31,0.8921022535602876,0.9533171653747559
22,32,0.9657901873096489,0.9762413501739502
22,33,0.9206861693480982,0.9632121920585632
22,34,0.9312646171139509,0.960290789604187
22,35,0.9960058540818093,0.9665769338607788
22,36,1.045549477842082,0.9620542526245117
22,37,0.9864931985881644,0.9667596220970154
22,38,0.9109555827304552,0.9707497358322144
22,39,0.9952863305774499,0.9730561971664429
22,40,1.0254905966635204,0.9656590223312378
22,41,0.9120947137508583,0.9425838589668274
22,42,0.948715642234744,0.9554165005683899
22,43,0.9728688806760961,0.9721344709396362
22,44,0.9348430975180376,0.9740880131721497
22,45,1.0066716696833733,0.9742576479911804
22,46,0.9531417691290591,0.9591891765594482
22,47,0.9810103369666221,0.9600337147712708
22,48,0.9140888215145581,0.9584634304046631
22,49,0.9322151172294655,0.954088032245636
22,50,1.0126768591244513,0.9765577912330627
22,51,0.9302470018726455,0.9488886594772339
22,52,1.0406915115008792,0.954343318939209
22,53,0.8991308730617992,0.9191126823425293
22,54,0.9494885926718717,0.9382543563842773
22,55,1.0206305915890768,0.9740010499954224
22,56,0.8968283287631995,0.9677466154098511
22,57,0.8801519579490874,0.9681923985481262
22,58,0.8882798387667346,0.9645626544952393
22,59,1.0247994846742277,0.9616702795028687
23,24,0.9108673235327092,0.9384602308273315
23,25,1.0649484455189167,0.9370384812355042
23,26,0.9169821028704753,0.9451944828033447
23,27,0.9539855035448617,0.9447579383850098
23,28,1.018153166085425,0.9410476684570312
23,29,1.0601042917391938,0.9597996473312378
23,30,1.0503873550593894,0.9473121762275696
23,31,1.0053743757539002,0.9449560642242432
23,32,1.006859297135605,0.9556561708450317
23,33,0.9655129689352788,0.9358866214752197
23,34,0.9882972595120673,0.9493792057037354
23,35,0.9028689807088419,0.9304282665252686
23,36,0.8919785636719022,0.9328885078430176
23,37,0.9561110913727691,0.9562798142433167
23,38,0.9329326028466844,0.9414418339729309
23,39,0.9180659506296446,0.9407273530960083
23,40,0.9805678207447229,0.9457484483718872
23,41,0.9764522964659706,0.9286870360374451
23,42,0.9463653606987171,0.9419450163841248
23,43,1.0219956675659467,0.9481191635131836
23,44,0.889329001686971,0.9464134573936462
23,45,0.936898807946506,0.9465817809104919
23,46,0.8846520694900318,0.9204931855201721
23,47,0.8313413620098113,0.9246681928634644
23,48,0.9358496316510108,0.9399836659431458
23,49,0.9140426390003915,0.9201300144195557
23,50,1.0334625638947421,0.9577900767326355
23,51,0.9590868469688277,0.9275462627410889
23,52,0.8831376326795664,0.9343469738960266
23,53,1.0146316035669536,0.9219269752502441
23,54,0.9509735287818524,0.8899218440055847
23,55,0.9915695753818659,0.9624646902084351
23,56,0.9351594667227,0.9464836716651917
23,57,0.9016460796791763,0.9496180415153503
23,58,0.9350291684901485,0.9536395072937012
23,59,0.9965874873473614,0.9421500563621521
24,25,1.0449124322095722,0.9506831169128418
24,26,1.0195697248411912,0.9424075484275818
24,27,0.8928643097258108,0.9173067808151245
24,28,0.9073848023544093,0.9633656740188599
24,29,0.947135445463236,0.9400911331176758
24,30,0.8481089794070991,0.9365309476852417
24,31,0.9620081023725997,0.9458497166633606
24,32,0.9328351006731647,0.9402152299880981
24,33,0.9273299126156332,0.9506317377090454
24,34,0.8803002899426294,0.9600354433059692
24,35,0.9307337997124885,0.9050537943840027
24,36,0.9294254867720925,0.956060528755188
24,37,0.9007574097670674,0.9592532515525818
24,38,0.8050863636706344,0.9486994743347168
24,39,0.9385416403256237,0.9399173855781555
24,40,1.0462718839754854,0.9576593041419983
24,41,1.0331335803105235,0.9500706195831299
24,42,0.9311739723994157,0.9540287852287292
24,43,0.9078550880715411,0.9379656910896301
24,44,0.9472099153679907,0.9237712025642395
24,45,0.882886981473813,0.9328062534332275
24,46,0.9270491835186527,0.9119595885276794
24,47,0.9577391573899987,0.9194351434707642
24,48,1.020967971428285,0.9596213102340698
24,49,0.9290244979429702,0.9340322017669678
24,50,0.9274772450320452,0.9376609325408936
24,51,0.8783553734354569,0.9222545027732849
24,52,0.8978445818844938,0.9391885995864868
24,53,0.9156475505564434,0.9269714951515198
24,54,0.8943366123998299,0.875968337059021
24,55,0.9953146177786425,0.94963538646698
24,56,0.8985503114991858,0.9387092590332031
24,57,1.030728156990304,0.9560937285423279
24,58,0.9304512762505144,0.9440074563026428
24,59,0.9287518152218482,0.92982017993927
25,26,0.9104971535838076,0.9478577375411987
25,27,0.823567323438837,0.9447793364524841
25,28,1.0119135396735517,0.9677112698554993
25,29,0.9921338236922072,0.9552916288375854
25,30,0.9484181606992346,0.9624845385551453
25,31,0.9424021772529978,0.9390526413917542
25,32,0.9828356018611571,0.9570386409759521
25,33,0.8874924500260036,0.9656197428703308
25,34,0.9361815123462167,0.9626341462135315
25,35,0.9845696392392701,0.9448564052581787
25,36,0.8966138822465363,0.9593283534049988
25,37,0.9745273138179567,0.9598494172096252
25,38,0.8950945557420353,0.9629236459732056
25,39,0.990227808249484,0.9669063091278076
25,40,0.9647357319382874,0.9665178060531616
25,41,0.8670758147718938,0.9478324055671692
25,42,0.9970353953046457,0.9387984275817871
25,43,0.9233701778777794,0.9600997567176819
25,44,0.910583078413258,0.951095700263977
25,45,0.9723176739957634,0.9622892141342163
25,46,1.0011122134835513,0.9436803460121155
25,47,0.9060004291697935,0.9567915201187134
25,48,0.969692874442777,0.9666088819503784
25,49,0.9715364785504642,0.9500956535339355
25,50,0.9938546493168621,0.9591993689537048
25,51,0.9538820924885927,0.9450600147247314
25,52,0.9199095805456813,0.9382609724998474
25,53,0.8724831941982769,0.9138627052307129
25,54,0.9312517480044,0.9269445538520813
25,55,0.9063251978572932,0.9599321484565735
25,56,0.8133028505048351,0.9593703746795654
25,57,0.9924973193742958,0.9706693291664124
25,58,0.9988882842028999,0.9536915421485901
25,59,0.8310807708964005,0.9492273926734924
26,27,0.8757000263489758,0.9261865615844727
26,28,0.9770857834047215,0.9461280703544617
26,29,1.0610273060630995,0.9581525325775146
26,30,0.9564053431901669,0.9553656578063965
26,31,0.8923560899685726,0.9287562370300293
26,32,0.9385739770589853,0.9477187991142273
26,33,1.0079335530321467,0.9391897320747375
26,34,0.9257687313513904,0.9580669403076172
26,35,0.8978396149842598,0.9377992153167725
26,36,0.9200844396822192,0.9442216157913208
26,37,0.899696946204496,0.9473633766174316
26,38,0.9578187656051902,0.9516852498054504
26,39,1.0333965463289345,0.9521626234054565
26,40,0.9771311603492219,0.9609771966934204
26,41,0.9309722506596768,0.9435899257659912
26,42,0.92981511148861,0.9444056749343872
26,43,0.8709790413179442,0.9491385817527771
26,44,0.9948959454384737,0.9507404565811157
26,45,0.9475980655338814,0.9514899253845215
26,46,0.9175612017691992,0.9265851974487305
26,47,1.098287449410462,0.938632071018219
26,48,0.9690163197346906,0.9540786743164062
26,49,0.8907788371017166,0.9283683896064758
26,50,0.9342059687233532,0.9555238485336304
26,51,0.9873414091094349,0.9299191236495972
26,52,0.9378297392845176,0.9321662187576294
26,53,0.8547353139213509,0.9266492128372192
26,54,0.9367289614344181,0.890767514705658
26,55,0.9272926520043309,0.9606998562812805
26,56,1.0498373550889535,0.9561724662780762
26,57,1.009689926173916,0.9556875228881836
26,58,0.9192342875450958,0.9416003823280334
26,59,1.0080170875798586,0.943966269493103
27,28,0.9494165377524749,0.9460237622261047
27,29,1.0072902087767104,0.9646515250205994
27,30,0.964115879470223,0.9398792386054993
27,31,0.8892825591152329,0.9316003918647766
27,32,0.9301812811387961,0.9623587727546692
27,33,0.9991646859291069,0.9476666450500488
27,34,0.9301310835533644,0.9468698501586914
27,35,0.9376664237502842,0.957848846912384
27,36,0.8887301152341925,0.9364862442016602
27,37,0.9671695620443215,0.9459896087646484
27,38,1.0487648429737235,0.9456385970115662
27,39,0.9001567057086426,0.9535333514213562
27,40,0.9469695539951369,0.945758581161499
27,41,0.97662123828484,0.9060102105140686
27,42,0.9250079964891974,0.9289900660514832
27,43,0.980438170844286,0.9578195810317993
27,44,0.8979338833727769,0.9510535597801208
27,45,0.9852245470410159,0.9638091921806335
27,46,0.9399976737584396,0.949354887008667
27,47,0.9853346498465542,0.936048150062561
27,48,0.9901191361620694,0.9307498335838318
27,49,1.0673573868509918,0.937879204750061
27,50,0.9937528698079872,0.9647712111473083
27,51,0.9684812878826361,0.9521914720535278
27,52,0.9318312627511385,0.9221120476722717
27,53,0.8934857035326833,0.9111440181732178
27,54,0.9464632170029491,0.9295390248298645
27,55,0.9428236685257939,0.9575937390327454
27,56,0.9554983561827128,0.9470753073692322
27,57,1.0153636290310695,0.9494837522506714
27,58,0.9005811749968211,0.9509083032608032
27,59,1.004503455262873,0.9475095272064209
28,29,1.0293156027245982,0.963459849357605
28,30,0.9528790677185918,0.9587824940681458
28,31,0.8421045602520544,0.9481973052024841
28,32,0.9280117131262049,0.9584028124809265
28,33,1.0309537579371864,0.9661040306091309
28,34,0.9650167750695652,0.9661601781845093
28,35,0.8967329579577032,0.9466980695724487
28,36,0.938787168607626,0.9640259146690369
28,37,1.0108025782066363,0.9687715768814087
28,38,0.9906578873639263,0.9633212089538574
28,39,0.9500945346441764,0.9620411396026611
28,40,0.9584937918451787,0.9768350124359131
28,41,0.9389878181032288,0.9585757255554199
28,42,0.907944396418538,0.9540649056434631
28,43,1.047054609249168,0.9662858247756958
28,44,0.9447240229452253,0.9608400464057922
28,45,1.0230863434378201,0.9622284173965454
28,46,1.0237027049284284,0.9476369023323059
28,47,1.0003424810569952,0.9504269361495972
28,48,0.9472340726361923,0.9688150882720947
28,49,0.9702758995630646,0.9500893950462341
28,50,0.9673308881680031,0.9685406684875488
28,51,0.903569157966759,0.9487542510032654
28,52,0.9613944462867027,0.9451764822006226
28,53,0.8843443237278376,0.9432963132858276
28,54,0.9961150099008309,0.9367310404777527
28,55,0.9442722059663792,0.9675030708312988
28,56,0.966084536901308,0.956026554107666
28,57,0.9835297519299683,0.9693653583526611
28,58,0.9446987370630872,0.957643985748291
28,59,0.9824090261257047,0.9530743360519409
29,30,0.9297768437077226,0.9535220265388489
29,31,0.9901214926232589,0.9465566277503967
29,32,0.9018333797838967,0.9691323637962341
29,33,0.9647730514527539,0.9584540724754333
29,34,1.0561988670404692,0.9592524170875549
29,35,0.9115372457966988,0.9615538120269775
29,36,0.9207939095395533,0.9546811580657959
29,37,0.985391685360143,0.9596962928771973
29,38,0.9612824390687511,0.9523033499717712
29,39,0.9844311383712707,0.9668996334075928
29,40,0.9916260783282145,0.9671667218208313
29,41,0.9706025099095643,0.9388664364814758
29,42,1.007942062448458,0.952457070350647
29,43,0.9949369911197411,0.9744460582733154
29,44,0.9602803832793573,0.9723432660102844
29,45,1.0051629372268847,0.971534252166748
29,46,1.0544184136278478,0.9594243168830872
29,47,0.9367190450073789,0.9433507323265076
29,48,0.9089089374459113,0.9576354026794434
29,49,1.0026489243449332,0.9472948908805847
29,50,0.9739201045334908,0.9799391627311707
29,51,0.8425413779315369,0.9511748552322388
29,52,0.984152068259224,0.9417809844017029
29,53,0.9105055433313932,0.9372719526290894
29,54,0.926022480629665,0.930549144744873
29,55,0.9958418181947105,0.9792428016662598
29,56,0.9700973459350593,0.960572361946106
29,57,1.0033660721115296,0.9678934812545776
29,58,0.9463840457674673,0.9681583642959595
29,59,0.9938445294107573,0.9681892395019531
30,31,0.9270461479666599,0.9400234818458557
30,32,0.9946597904590175,0.9577192664146423
30,33,0.9823315536936031,0.9515631794929504
30,34,0.9113780940802043,0.9581500291824341
30,35,1.0102288619733024,0.9559297561645508
30,36,0.923724250534825,0.9505224227905273
30,37,0.997787953085444,0.9573850631713867
30,38,0.9876823979347765,0.9693180322647095
30,39,1.0660293239154397,0.9741201400756836
30,40,0.952369162276671,0.9635424613952637
30,41,0.9369310041043074,0.9543968439102173
30,42,0.9269932302158673,0.9279642105102539
30,43,0.9485538819329628,0.9637128710746765
30,44,1.0040245594869035,0.964027464389801
30,45,0.8897588485454557,0.9705743789672852
30,46,0.8855736924963566,0.9382578134536743
30,47,0.9133774034358109,0.9667675495147705
30,48,1.0185423962383882,0.9710270166397095
30,49,1.0289979876407844,0.9434673190116882
30,50,0.9609101799117494,0.966132640838623
30,51,0.945019726409164,0.9534608125686646
30,52,0.9511494644636425,0.9476468563079834
30,53,0.9743312098043292,0.9162372946739197
30,54,0.8947743062955372,0.9411419630050659
30,55,0.9765199062557273,0.964601457118988
30,56,1.0165712275431986,0.9678113460540771
30,57,0.9818357381982251,0.9567810297012329
30,58,0.9561805478671381,0.9467014670372009
30,59,0.9965874747066347,0.9465351700782776
31,32,0.8089000222747817,0.9440616369247437
31,33,0.9784665723348828,0.9445728063583374
31,34,0.917704555344056,0.9504083395004272
31,35,0.8281806006215021,0.919712245464325
31,36,0.9782970441341164,0.9527369141578674
31,37,1.0171371880842588,0.9484542608261108
31,38,0.9357476132548215,0.942620038986206
31,39,0.9912236991504606,0.9435799717903137
31,40,1.0207390802692748,0.9401251673698425
31,41,1.0039840454140352,0.9382383227348328
31,42,1.0194653843092985,0.9374671578407288
31,43,0.9906069434203244,0.9535005688667297
31,44,0.9391116096184194,0.9353399276733398
31,45,0.8660779999172266,0.946176290512085
31,46,0.896539439222653,0.9088425636291504
31,47,0.8849221757922043,0.9270845055580139
31,48,1.0532770004722112,0.9447298645973206
31,49,0.930360334317348,0.9391546249389648
31,50,0.9484875013102936,0.9423272609710693
31,51,0.9442402400811677,0.9166659712791443
31,52,0.9316312899020882,0.9294511675834656
31,53,1.0018705053220138,0.9171179533004761
31,54,0.866782597201821,0.8979150652885437
31,55,0.9573449233523773,0.9476145505905151
31,56,0.9008839446607153,0.9380074739456177
31,57,0.8800057089459532,0.9460068345069885
31,58,0.9172244603030634,0.9478129148483276
31,59,0.9409133960484583,0.9427652359008789
32,33,0.9300333972275061,0.9514985084533691
32,34,0.9219858755401512,0.956606924533844
32,35,0.8827818278891012,0.9530977010726929
32,36,0.9491460319078109,0.9533013105392456
32,37,0.8851022758045228,0.960338294506073
32,38,0.9964817854014296,0.9584789872169495
32,39,0.9667783663927578,0.9626563787460327
32,40,0.8844819774101763,0.9573595523834229
32,41,0.9229396954929048,0.938400149345398
32,42,0.9073776290345883,0.9449854493141174
32,43,0.9727203837126399,0.9567616581916809
32,44,1.031664868206461,0.964642345905304
32,45,0.8723718119844791,0.9661304354667664
32,46,0.9562219899162332,0.9504706859588623
32,47,0.9405927583578069,0.9485993981361389
32,48,0.9872101469995558,0.9536431431770325
32,49,0.9483776267838937,0.9377177953720093
32,50,0.934386396694309,0.97198486328125
32,51,0.9306392765214176,0.9465919733047485
32,52,0.8953871198261464,0.9351884126663208
32,53,0.9723323708230573,0.9185320138931274
32,54,0.9207821790369907,0.9197165966033936
32,55,1.0661463343860695,0.9710868000984192
32,56,0.953742386173893,0.956775426864624
32,57,0.9207073052396819,0.9561276435852051
32,58,0.8862729271436507,0.961958646774292
32,59,0.860077548543465,0.9502345323562622
33,34,0.879108456107477,0.9583152532577515
33,35,0.9635618374448308,0.9502055048942566
33,36,0.9837479877452064,0.9583117365837097
33,37,0.8749794425213792,0.9540389776229858
33,38,1.0061005685434665,0.9613486528396606
33,39,0.9403437983832352,0.9644968509674072
33,40,0.9776894988696937,0.9703498482704163
33,41,1.0248750857111721,0.9442640542984009
33,42,0.9855720010982998,0.9407300353050232
33,43,0.9469404319449184,0.96036696434021
33,44,0.9054524765511961,0.9500120878219604
33,45,0.856758261381899,0.9643490314483643
33,46,0.9087150973855047,0.9446727633476257
33,47,0.9277771782250887,0.9383336901664734
33,48,0.9063591237133942,0.9557181000709534
33,49,0.9514735147702322,0.9580363631248474
33,50,0.9636390228283583,0.9597964286804199
33,51,0.9261978346833998,0.9374406337738037
33,52,0.9059192129998427,0.9384193420410156
33,53,0.9190636749893276,0.9106309413909912
33,54,0.9467401913911292,0.9246431589126587
33,55,0.9031838749395033,0.9577038288116455
33,56,1.0308028378975307,0.9602562189102173
33,57,0.9686279464055013,0.9735573530197144
33,58,0.9515690332521923,0.95062655210495
33,59,0.992530841688188,0.9571201205253601
34,35,0.9480046552684669,0.9363438487052917
34,36,1.0089445685883625,0.9612877368927002
34,37,0.9748169903111776,0.9604607820510864
34,38,0.9331212815022005,0.9637431502342224
34,39,0.9822367511008507,0.9641615748405457
34,40,0.9107249330726876,0.9679112434387207
34,41,0.965875117876259,0.9604471325874329
34,42,0.939090053049564,0.9407515525817871
34,43,0.9441670731672568,0.9545729160308838
34,44,0.9501592469408708,0.9565861225128174
34,45,0.8669892909654745,0.9610817432403564
34,46,0.9100575557298953,0.9374938011169434
34,47,0.9512853591470215,0.9466431140899658
34,48,0.9747248447463543,0.9667320251464844
34,49,0.8887285357202731,0.940112292766571
34,50,1.0304570610495827,0.9671716690063477
34,51,0.9137051030330006,0.9570138454437256
34,52,0.988963821101166,0.9404909610748291
34,53,0.9602716329190237,0.9389119148254395
34,54,0.8823209549118626,0.9146323204040527
34,55,1.0525385567917305,0.9637730121612549
34,56,0.8995650918724116,0.9592469334602356
34,57,1.011230850541462,0.9652731418609619
34,58,1.0092866589891545,0.9592575430870056
34,59,0.919855057890284,0.9533860683441162
35,36,1.0041106078376891,0.9344873428344727
35,37,0.9355739224389976,0.9480762481689453
35,38,0.96896557622031,0.9545308947563171
35,39,0.9781922570424734,0.9651761651039124
35,40,0.9431859053184404,0.9499013423919678
35,41,0.9536705181997677,0.9131301045417786
35,42,0.9555045713730697,0.915830135345459
35,43,0.869291250115862,0.956717848777771
35,44,1.0357888281114676,0.9705718159675598
35,45,0.8849552059723618,0.9680798053741455
35,46,0.9993981441861991,0.9477708339691162
35,47,1.0111864073540744,0.9548511505126953
35,48,0.8798865096316656,0.9344348311424255
35,49,0.9210624693486087,0.9416031837463379
35,50,0.9160850463646741,0.971370279788971
35,51,0.9331699712631206,0.9439160227775574
35,52,0.912909574147494,0.928311288356781
35,53,0.933681467642062,0.894698441028595
35,54,1.0190186883817252,0.9535032510757446
35,55,1.0243965052405781,0.9546123147010803
35,56,0.9302302169495883,0.9583386182785034
35,57,0.9331637604006032,0.9436248540878296
35,58,0.8557168061329711,0.9398887157440186
35,59,0.9049086684777113,0.9452021718025208
36,37,1.0026409752858543,0.9543983936309814
36,38,1.0409680068390328,0.9601888656616211
36,39,0.8966078828487224,0.9583253264427185
36,40,0.9325792764184234,0.9622024893760681
36,41,0.9474056509490507,0.9487259387969971
36,42,0.9560535081515517,0.9420454502105713
36,43,0.9164717998263664,0.9569519758224487
36,44,0.9674261919860829,0.9462231397628784
36,45,0.9321498719599612,0.9558418393135071
36,46,0.9375231597715157,0.9382457733154297
36,47,0.9702997470681537,0.9429855346679688
36,48,0.9631628030771863,0.9628416895866394
36,49,0.921542345450173,0.9433616399765015
36,50,0.9515216131324133,0.9570021033287048
36,51,0.9352881179660943,0.9397062659263611
36,52,0.9256363660969885,0.944136917591095
36,53,0.9105385022064582,0.9234783053398132
36,54,0.994539883397062,0.9146075248718262
36,55,0.9864776335260598,0.9584316611289978
36,56,0.9365391817113045,0.9513131976127625
36,57,1.0003131466705442,0.9654654264450073
36,58,0.9359841296534348,0.9526751041412354
36,59,1.0010179443350815,0.9423617124557495
37,38,0.9784717765486864,0.9599896669387817
37,39,0.9569484256290732,0.9623135328292847
37,40,0.9887725221251696,0.9663866758346558
37,41,0.8709738000854789,0.9495176076889038
37,42,0.9022453391323295,0.9585837125778198
37,43,0.8949019976849606,0.9545982480049133
37,44,0.9601299976603961,0.9529828429222107
37,45,1.0427433203744927,0.956117570400238
37,46,1.0521954432532352,0.9406304359436035
37,47,0.9815638695594952,0.9496613144874573
37,48,0.9833831070022278,0.9583408832550049
37,49,0.8500023644138841,0.940055251121521
37,50,0.9413595332036065,0.9684932231903076
37,51,0.9028855020789655,0.9422746896743774
37,52,0.9105546645553703,0.941597044467926
37,53,0.9166001523629969,0.9250073432922363
37,54,0.8911403250885324,0.9147448539733887
37,55,0.8687951551454257,0.9677601456642151
37,56,0.9924512264594412,0.9550557136535645
37,57,0.9046668366928986,0.9583039879798889
37,58,0.9653323182955843,0.9533699750900269
37,59,1.036238410926616,0.9325342774391174
38,39,0.922418493389734,0.9683877229690552
38,40,0.8406515112184879,0.9671658873558044
38,41,0.9373080891150398,0.9516083002090454
38,42,1.0006639886011248,0.9456160068511963
38,43,1.0569450802877813,0.9590277075767517
38,44,0.8979577448104602,0.959435224533081
38,45,0.9886327688553075,0.9637978076934814
38,46,0.9173167525516224,0.940582275390625
38,47,0.9526237296312898,0.9579211473464966
38,48,1.0949608072968355,0.9627436399459839
38,49,0.8769037787882197,0.9520522952079773
38,50,0.9769002351422946,0.9642132520675659
38,51,0.9634567182196193,0.9400720596313477
38,52,1.008315359662037,0.9540260434150696
38,53,0.9187625185553502,0.9138633608818054
38,54,0.9492862535720373,0.9338837265968323
38,55,0.9422766190417827,0.9618590474128723
38,56,0.9796727920314326,0.9662164449691772
38,57,0.9441217454208387,0.9612813591957092
38,58,0.9809413726796007,0.9498627781867981
38,59,0.9316504822861057,0.9501309990882874
39,40,0.9922171675031842,0.973362147808075
39,41,0.9509801013888102,0.9524432420730591
39,42,0.992462242496189,0.9361597299575806
39,43,0.9628098499724617,0.965379536151886
39,44,0.8783700803097487,0.9670217037200928
39,45,1.0390727805868472,0.9759767055511475
39,46,0.9128519104428615,0.9581385254859924
39,47,0.9255037931292045,0.9581921100616455
39,48,0.935415571352818,0.9651986360549927
39,49,1.019118025206789,0.9503961205482483
39,50,0.8658162129117525,0.9725999236106873
39,51,1.1153701093879254,0.9584826827049255
39,52,0.9977847730933783,0.9449819326400757
39,53,0.9280843957720708,0.9169224500656128
39,54,0.9365854009823693,0.9393301010131836
39,55,0.9869549941824886,0.9726772904396057
39,56,1.00347365004827,0.977417528629303
39,57,1.0011950768591484,0.9689342975616455
39,58,0.9857169274589553,0.957936704158783
39,59,0.9659653736318542,0.9614863395690918
40,41,0.9491111358922875,0.9589780569076538
40,42,0.9496939642581813,0.9572576284408569
40,43,0.953430478812261,0.963175892829895
40,44,1.018865602640747,0.9621770977973938
40,45,0.9984012524424732,0.9687234163284302
40,46,0.8013125203618177,0.9483319520950317
40,47,0.9810893207860217,0.9482942819595337
40,48,0.9731825923973767,0.963445782661438
40,49,0.9535293553829663,0.9544647932052612
40,50,0.948324865080541,0.9677507877349854
40,51,1.0084134993301417,0.9522078633308411
40,52,0.9958568099759549,0.948480486869812
40,53,0.900218678788385,0.9388625621795654
40,54,0.9454704646598766,0.9251178503036499
40,55,0.9255427273712938,0.9741255640983582
40,56,0.8967536331767217,0.9657345414161682
40,57,0.9462370567087341,0.9775729179382324
40,58,0.9976901458595859,0.954570472240448
40,59,1.0048276327886714,0.9571713805198669
41,42,0.9648140219432801,0.9391597509384155
41,43,0.9800501723189319,0.943795382976532
41,44,0.9648036796374252,0.9389947652816772
41,45,0.9079154870418309,0.9399895668029785
41,46,0.9364620978452693,0.9148659706115723
41,47,0.9745791062510082,0.934558629989624
41,48,0.9989166515088367,0.961202085018158
41,49,0.9850797547057817,0.9256340861320496
41,50,0.9845260579530097,0.9491108655929565
41,51,0.9487495496593057,0.9311771392822266
41,52,0.9751851013323253,0.9216775894165039
41,53,0.9311239931135968,0.9324500560760498
41,54,0.8425466373307344,0.8866403698921204
41,55,0.9364400813682415,0.9445934295654297
41,56,0.9092173797759739,0.9464625120162964
41,57,0.9183666951723319,0.952125608921051
41,58,0.9271904201667692,0.9344163537025452
41,59,0.8943511838396809,0.933972179889679
42,43,0.9308073607014281,0.9462054371833801
42,44,0.8316771915905126,0.9263579249382019
42,45,0.946199341416468,0.935534656047821
42,46,0.9150473610178671,0.9149870872497559
42,47,0.8759422527117272,0.9167966842651367
42,48,0.9732126801501358,0.9402503967285156
42,49,0.9876980087581589,0.940819501876831
42,50,0.8605363992528647,0.9409143924713135
42,51,0.871314709310062,0.9094509482383728
42,52,0.8968350668635099,0.9352921843528748
42,53,0.8722894270826183,0.9192845821380615
42,54,0.9193137246062004,0.877839982509613
42,55,0.9428022414546093,0.9524935483932495
42,56,0.9219480078581755,0.935173749923706
42,57,0.8474306114854728,0.9476237297058105
42,58,0.9724875257704101,0.9407166242599487
42,59,0.8666609949759543,0.9286239147186279
43,44,0.9681588491303513,0.9651622176170349
43,45,0.984820761685202,0.9709519147872925
43,46,1.011912355317598,0.9438794255256653
43,47,0.8936953468882216,0.9591363668441772
43,48,0.813780225357915,0.9647558331489563
43,49,0.9681949124450517,0.9590024352073669
43,50,1.061855629094311,0.9718300700187683
43,51,1.0158485489358817,0.9539012312889099
43,52,0.9531599917903426,0.9426770210266113
43,53,0.9024478003985734,0.9270296096801758
43,54,0.9824038450189383,0.9420477151870728
43,55,0.9183205518769592,0.9669978618621826
43,56,0.9825924551182016,0.9587745666503906
43,57,0.9890276850518372,0.9637541770935059
43,58,1.0141764003737233,0.9611659049987793
43,59,1.0984274523239719,0.960444450378418
44,45,0.9879327042198393,0.9683119058609009
44,46,0.9292853096585337,0.9547334909439087
44,47,0.9543537325868114,0.9556324481964111
44,48,0.8633851153352254,0.9518389105796814
44,49,0.9063397876670437,0.9410754442214966
44,50,0.959440946968704,0.9799050688743591
44,51,0.9299733511947316,0.9561777710914612
44,52,0.9434982854031387,0.9358805418014526
44,53,0.8822116945735169,0.923332691192627
44,54,1.000464301253339,0.9444127678871155
44,55,0.9707379757549126,0.9707276225090027
44,56,0.962091167281234,0.9625561833381653
44,57,0.9395372257107616,0.9559319615364075
44,58,0.9624172676333481,0.9546577334403992
44,59,0.9942868703828873,0.9530319571495056
45,46,0.9099104078736652,0.9532669186592102
45,47,0.9290420934844696,0.9619479179382324
45,48,0.9452573740792026,0.9604436755180359
45,49,0.8905023718141627,0.9577959179878235
45,50,0.9327289877168975,0.9736918807029724
45,51,0.9380758391047495,0.9618868827819824
45,52,0.9920653586175455,0.9483458995819092
45,53,0.9396139625606309,0.9264858961105347
45,54,0.9616039984179561,0.9519245028495789
45,55,1.0122965541638491,0.9697516560554504
45,56,0.9629390950015695,0.9698076844215393
45,57,0.9855023417701261,0.9659790992736816
45,58,0.9502112458799865,0.9553723335266113
45,59,0.974820856613353,0.9615527391433716
46,47,0.903571582214178,0.9327095150947571
46,48,0.818789892646939,0.9407307505607605
46,49,0.915717212831084,0.9224311709403992
46,50,1.0314706349162641,0.9603332281112671
46,51,0.9860595341501656,0.9397487640380859
46,52,0.9724181357766472,0.9241482615470886
46,53,0.9585790399431551,0.8967725038528442
46,54,0.9314815627145758,0.9270486831665039
46,55,0.9657257444957986,0.9558599591255188
46,56,0.9162444494291797,0.9471270442008972
46,57,0.9369387549838343,0.9527423977851868
46,58,0.976196901757356,0.9454083442687988
46,59,1.0051874793810238,0.944993257522583
47,48,0.9431933752074967,0.9501656889915466
47,49,0.9078754111013014,0.9303848743438721
47,50,0.9649177124493606,0.9648913145065308
47,51,0.9758185013754413,0.9457581639289856
47,52,0.8601927634390809,0.9323855042457581
47,53,0.7848496323052963,0.8996586799621582
47,54,0.9218498002294309,0.94937664270401
47,55,0.8844035385744398,0.9454391598701477
47,56,0.9216618005805861,0.9470688104629517
47,57,0.9333335687835527,0.9407225847244263
47,58,0.9196948216562407,0.9423572421073914
47,59,1.0013690637314414,0.928745687007904
48,49,0.9648214801925489,0.9484842419624329
48,50,0.9746060467769282,0.9595823287963867
48,51,0.9764604677330234,0.9453501105308533
48,52,0.8915556394906002,0.9484972953796387
48,53,0.9813308802416799,0.9293752908706665
48,54,0.9171904510250947,0.9209786653518677
48,55,0.9986731950618897,0.9651491641998291
48,56,0.9027685513500063,0.9563614130020142
48,57,0.8886507557948083,0.9663386940956116
48,58,0.993841801455176,0.9529473185539246
48,59,0.9704856989496817,0.9516652226448059
49,50,0.902794498888875,0.9478970766067505
49,51,0.8885596234745649,0.9320427775382996
49,52,0.9976904465914965,0.9414187073707581
49,53,0.8434563272011161,0.9029269218444824
49,54,1.0100558368984855,0.9279221892356873
49,55,0.9076349478981913,0.9526659846305847
49,56,0.977004466142022,0.9450848698616028
49,57,0.9336172248446003,0.9500481486320496
49,58,0.9662281448237705,0.9360687732696533
49,59,0.9177228267726473,0.9449285268783569
50,51,0.9571985252247972,0.9653381705284119
50,52,0.9424994285230515,0.9404534697532654
50,53,0.8850147264655345,0.9351240992546082
50,54,0.982840210381663,0.9457989931106567
50,55,0.9503563199674364,0.9760169982910156
50,56,0.9550376231752599,0.9664676189422607
50,57,0.9165445737920048,0.9662620425224304
50,58,0.8404710732171559,0.9685877561569214
50,59,0.9487575470353968,0.9583089351654053
51,52,1.0356565417448609,0.9150257706642151
51,53,0.9564106333631018,0.9171804189682007
51,54,0.9358979000119986,0.9368609189987183
51,55,0.9389589541374259,0.9521034955978394
51,56,0.9521366212854998,0.9510133266448975
51,57,0.974797116437624,0.9474411606788635
51,58,0.8835371385276181,0.9425777792930603
51,59,0.9975405805258325,0.9418244957923889
52,53,0.9355646576032695,0.8997955918312073
52,54,0.9490379603157006,0.913128674030304
52,55,0.9665616219662737,0.9446378350257874
52,56,0.9517583635548655,0.950777530670166
52,57,0.9795721718485424,0.9459291100502014
52,58,0.9658506916571616,0.9362599849700928
52,59,0.9133762792341378,0.931078314781189
53,54,0.8462951158229284,0.8749752044677734
53,55,0.9381001146631542,0.9330072999000549
53,56,0.9833989908396825,0.9059479832649231
53,57,0.8686010627288406,0.9305564165115356
53,58,0.856388722750586,0.929764986038208
53,59,0.9282629734926425,0.9200249314308167
54,55,0.9334876953535736,0.9309433102607727
54,56,0.9353491978196556,0.9266821146011353
54,57,0.9289046391701747,0.9167069792747498
54,58,0.900091253406718,0.9112513661384583
54,59,1.0018177649972733,0.9273245930671692
55,56,0.8843859081203942,0.96443110704422
55,57,0.9286394907829298,0.9700643420219421
55,58,0.9544762748061157,0.9596390128135681
55,59,0.8807348203256229,0.9628942608833313
56,57,0.9583453317650907,0.9671380519866943
56,58,1.0347111935853206,0.9516376852989197
56,59,0.9587987575698579,0.9577544331550598
57,58,0.9715726343591153,0.9600375890731812
57,59,0.901813219604225,0.964821457862854
58,59,0.9221551165677833,0.9529731869697571
